Feature,Importance
Volatility_20d,0.35228592
MACD_Diff,0.08818263
Market_Cap,0.06893743
Return_252d,0.06388675
Forward_PE,0.04609654
Trailing_PE,0.04475597
MA50_vs_MA200,0.03953349
Relative_Strength_60d,0.036604352
Revenue_Growth,0.03593182
ROE,0.0349325
Debt_To_Equity,0.024971018
Relative_Strength_20d,0.024443021
Profit_Margins,0.022055523
Return_60d,0.020405192
Return_20d,0.018378362
Free_Cashflow,0.017893417
Earnings_Growth,0.017544512
Volume_Change,0.015459695
Return_5d,0.0151086
RSI,0.012593272
Price_To_Book,0.0
