Ticker,Sector,Probability_Top_20,Latest_Date,Return_252d,Volatility_20d,Forward_PE,Revenue_Growth,Earnings_Growth,ROE
ALAB,Technology,0.666327953338623,2026-09-14,0.11743240369371466,0.04922762249870072,40.822838,1.045,1.862,0.25826
DBGI,Consumer Cyclical,0.5812167525291443,2026-09-14,-0.9882333622074525,0.21514389751123203,11.16,-0.463,0.177,-11.618979
WALDW,Unknown,0.5389583706855774,2026-09-14,-0.8310344758927466,0.17499751810649544,11.16,0.099,0.177,0.05308
ZBAO,Unknown,0.522419810295105,2026-09-14,-0.8963720969212511,0.07159545383832606,11.16,0.099,0.177,0.05308
CRDO,Technology,0.5093083381652832,2026-09-14,-0.04939750197199633,0.0643752756777469,15.755156,1.147,0.971,0.30674
FNGR,Unknown,0.5016090273857117,2026-09-14,-0.911538466014914,0.3252560004562715,11.16,0.099,0.177,0.05308
ANET,Technology,0.46600592136383057,2026-09-14,0.23693159537606023,0.030242054335159797,36.76068,0.377,0.357,0.31476
CORT,Healthcare,0.4620085656642914,2026-09-14,0.5006726143028615,0.017403805330301014,25.426462,0.317,0.241,0.08226
ABTC,Financial Services,0.43810340762138367,2026-09-14,-0.9299516906357841,0.08591612578214833,433.5,1.213,0.177,-0.38529998
BBLGW,,0.437106192111969,2026-09-14,-0.48100093378769126,0.094194976777514,11.16,0.099,0.177,-0.5496
